-- phpMyAdmin SQL Dump
-- version 5.2.1
-- https://www.phpmyadmin.net/
--
-- Host: 127.0.0.1
-- Generation Time: Mar 20, 2026 at 07:18 AM
-- Server version: 10.4.32-MariaDB
-- PHP Version: 8.2.12

SET SQL_MODE = "NO_AUTO_VALUE_ON_ZERO";
START TRANSACTION;
SET time_zone = "+00:00";


/*!40101 SET @OLD_CHARACTER_SET_CLIENT=@@CHARACTER_SET_CLIENT */;
/*!40101 SET @OLD_CHARACTER_SET_RESULTS=@@CHARACTER_SET_RESULTS */;
/*!40101 SET @OLD_COLLATION_CONNECTION=@@COLLATION_CONNECTION */;
/*!40101 SET NAMES utf8mb4 */;

--
-- Database: `academic_tracker`
--

-- --------------------------------------------------------

--
-- Table structure for table `faculty`
--

CREATE TABLE `faculty` (
  `full_name` varchar(100) NOT NULL,
  `department` varchar(100) NOT NULL,
  `password` varchar(255) NOT NULL
) ENGINE=InnoDB DEFAULT CHARSET=utf8mb4 COLLATE=utf8mb4_general_ci;

--
-- Dumping data for table `faculty`
--

INSERT INTO `faculty` (`full_name`, `department`, `password`) VALUES
('PrimaTen', 'Computer', '1234Prima'),
('Dr. Amrita Naik', 'Computer', 'Amrita1234');

-- --------------------------------------------------------

--
-- Table structure for table `marks`
--

CREATE TABLE `marks` (
  `id` int(11) NOT NULL,
  `roll_no` int(11) DEFAULT NULL,
  `subject_code` varchar(10) DEFAULT NULL,
  `subject_name` varchar(100) DEFAULT NULL,
  `isa` int(11) DEFAULT NULL,
  `sea` int(11) DEFAULT NULL,
  `semester` int(11) DEFAULT NULL,
  `max_isa` int(11) DEFAULT 30,
  `max_sea` int(11) DEFAULT 45,
  `grade_point` int(11) DEFAULT NULL,
  `letter_grade` varchar(2) DEFAULT NULL
) ENGINE=InnoDB DEFAULT CHARSET=utf8mb4 COLLATE=utf8mb4_general_ci;

--
-- Dumping data for table `marks`
--

INSERT INTO `marks` (`id`, `roll_no`, `subject_code`, `subject_name`, `isa`, `sea`, `semester`, `max_isa`, `max_sea`, `grade_point`, `letter_grade`) VALUES
(1, 2414001, 'CS301', 'Data Structures', 18, 62, 3, 30, 45, NULL, NULL),
(2, 2414001, 'CS302', 'Object Oriented Programming', 19, 76, 3, 30, 45, NULL, NULL),
(3, 2414001, 'MA301', 'Discrete Mathematics', 15, 55, 3, 30, 45, NULL, NULL),
(7, 2414001, 'CMP-100', 'Fundamentals of Programming using C', 45, 30, 1, 30, 45, NULL, NULL),
(8, 2414001, 'SHM-131', 'Engineering Mathematics-I', 35, 25, 1, 30, 45, NULL, NULL),
(9, 2414001, 'EEL-111', 'Basics of Electrical & Electronics Engg', 33, 23, 1, 30, 45, NULL, NULL),
(10, 2414002, 'CMP-100', 'Fundamentals of Programming using C', 42, 30, 1, 30, 45, NULL, NULL),
(11, 2414002, 'SHM-131', 'Engineering Mathematics-I', 43, 29, 1, 30, 45, NULL, NULL),
(12, 2414040, 'CMP-100', 'Fundamentals of Programming using C', 41, 28, 1, 30, 45, NULL, NULL),
(13, 2414040, 'SHM-131', 'Engineering Mathematics-I', 41, 29, 1, 30, 45, NULL, NULL),
(14, 2414041, 'CMP-100', 'Fundamentals of Programming using C', 43, 30, 1, 30, 45, NULL, NULL),
(15, 2414041, 'SHM-131', 'Engineering Mathematics-I', 42, 29, 1, 30, 45, NULL, NULL),
(49, 2414047, 'CMP-100', 'Fundamentals of Programming using C', 29, 43, 1, 30, 45, 10, 'O'),
(50, 2414047, 'SHM-131', 'Engineering Mathematics I', 30, 38, 1, 30, 45, 10, 'O'),
(51, 2414047, 'EEL-111', 'Basics of Electrical & Electronics Engg', 28, 35, 1, 30, 45, 9, 'A+'),
(52, 2414047, 'CMP-101', 'Fundamentals of Programming using C Lab', 15, 10, 1, 15, 10, 10, 'O'),
(53, 2414047, 'EEL-112', 'Basics of Electrical & Electronics Engg Lab', 15, 10, 1, 15, 10, 10, 'O'),
(54, 2414047, 'AEC-152', 'Creative Thinking & Innovation Lab', 15, 8, 1, 15, 10, 10, 'O'),
(55, 2414047, 'VAC-157', 'Indian Knowledge System Lab', 15, 7, 1, 15, 10, 10, 'O'),
(56, 2414047, 'AEC-151', 'Creative Thinking & Innovation', 17, 26, 1, 20, 30, 10, 'O'),
(57, 2414047, 'VAC-156', 'Indian Knowledge System', 18, 26, 1, 20, 30, 10, 'O'),
(58, 2414047, 'SEC-144', 'Electronics & Mechanical Workshop', 42, 29, 1, 45, 30, 10, 'O');

-- --------------------------------------------------------

--
-- Table structure for table `students`
--

CREATE TABLE `students` (
  `roll_no` int(11) NOT NULL,
  `name` varchar(100) DEFAULT NULL,
  `class_id` varchar(10) DEFAULT NULL,
  `phone` varchar(15) DEFAULT NULL
) ENGINE=InnoDB DEFAULT CHARSET=utf8mb4 COLLATE=utf8mb4_general_ci;

--
-- Dumping data for table `students`
--

INSERT INTO `students` (`roll_no`, `name`, `class_id`, `phone`) VALUES
(2314001, 'AARON PINTO', 'TE1', NULL),
(2314002, 'AARYAN A. SHARMA', 'TE1', NULL),
(2314003, 'AFFANKHAN HAQUIQUEMOHAMADKHAN PATHAN', 'TE1', NULL),
(2314004, 'ALISON ROYSTON MENEZES', 'TE1', NULL),
(2314005, 'AMAN ASHOK PAINGINKAR', 'TE1', NULL),
(2314006, 'AMEY ABHAY LOLIENKAR', 'TE1', NULL),
(2314007, 'AMRITESH BHASKAR RANE', 'TE1', NULL),
(2314008, 'ANANYA MAHESH SAWANT', 'TE1', NULL),
(2314009, 'ARANETA LIVRA ABREU', 'TE1', NULL),
(2314010, 'ARYA MAHENDRA SALUNKE', 'TE1', NULL),
(2314011, 'ATHARV ARJUN BATULE', 'TE1', NULL),
(2314012, 'BIBISIFHAT', 'TE1', NULL),
(2314013, 'CHIRAG CHANDRAHAS NAYAK', 'TE1', NULL),
(2314014, 'CINDY MARIANI NORONHA', 'TE1', NULL),
(2314015, 'CORNELL SMIDTH FERNANDES', 'TE1', NULL),
(2314016, 'CYNORA LUIZA RODRIGUES', 'TE1', NULL),
(2314017, 'DHANASHREE UDAY SAVAIKER', 'TE1', NULL),
(2314018, 'DHRUV PURUSHOTTAM NAIK DESSAI', 'TE1', NULL),
(2314019, 'DIYA SHANBHAG', 'TE1', NULL),
(2314020, 'DWAYNE MESHLOY CARDOSO', 'TE1', NULL),
(2314021, 'ELRICH AFROY COLACO', 'TE1', NULL),
(2314022, 'ENOSH SAMUEL RODRIGUES', 'TE1', NULL),
(2314023, 'FABIAN FRANCISCO BRAGANCA', 'TE1', NULL),
(2314024, 'FAY ANTAO', 'TE1', NULL),
(2314025, 'GAURESH GOKULDAS DHAVALIKAR', 'TE1', NULL),
(2314026, 'GRETCHEN GRACE PEREIRA', 'TE1', NULL),
(2314027, 'HAYDEN CASSIANO FERNANDES', 'TE1', NULL),
(2314028, 'HERMAN CHRISTIANO LEITAO', 'TE1', NULL),
(2314029, 'ISHAN ALIAS SASHREEK SANJAY PAGI', 'TE1', NULL),
(2314030, 'JASMINE JOYCE KALE', 'TE1', NULL),
(2314032, 'JUVERIYA SHAIKH', 'TE1', NULL),
(2314033, 'KARTIKA RAWAT', 'TE1', NULL),
(2314034, 'KRISH RAJESH PEDNEKAR', 'TE1', NULL),
(2314035, 'KSHITIJ ANIL PATIL', 'TE1', NULL),
(2314036, 'LAKSHANDA NAURU NAIK', 'TE1', NULL),
(2314037, 'LILLY MONTEIRO', 'TE1', NULL),
(2314038, 'LIRON FREDDY ESTIBEIRO', 'TE1', NULL),
(2314039, 'LLOYD FRANCISCO VAS', 'TE1', NULL),
(2314040, 'LUKE ANTHONY FERNANDES', 'TE1', NULL),
(2314041, 'MANSI KALLECTORPRASAD JAISWAR', 'TE1', NULL),
(2314042, 'MARCO JOHAR GOES', 'TE1', NULL),
(2314043, 'MAYURESH VISHWAMBAR NAIK', 'TE1', NULL),
(2314044, 'MEET PRADEEP AROLKAR', 'TE1', NULL),
(2314045, 'MOHAMMED SIDIQUE SHAIKH', 'TE1', NULL),
(2314046, 'MONALI MANGALDAS DESSAI', 'TE1', NULL),
(2314047, 'NAIK SANEED SADANAND', 'TE1', NULL),
(2314066, 'AJURY RUTH SILVA', 'TE1', NULL),
(2314067, 'NARENDRA BORKAR', 'TE2', NULL),
(2314068, 'NARENDRA NARESH NAIK', 'TE2', NULL),
(2314069, 'NATHAN URIEL REBELO', 'TE2', NULL),
(2314070, 'NELVY FERNANDES', 'TE2', NULL),
(2314071, 'NIDI RAKESH NAIR', 'TE2', NULL),
(2314072, 'NIHIRA PRITIDAS LOTLIKER', 'TE2', NULL),
(2314073, 'NIRBHAY SWAJAY BHOSLE', 'TE2', NULL),
(2314074, 'OM KIRAN FOL DESAI', 'TE2', NULL),
(2314075, 'PALAK PRASHANT GAUNKAR', 'TE2', NULL),
(2314076, 'PRANAV KISHOR GAUNS DESSAI', 'TE2', NULL),
(2314078, 'RAJAT RATNAKER NAIK', 'TE2', NULL),
(2314079, 'RAKESH HANUMANTH CHAVAN', 'TE2', NULL),
(2314080, 'RAUNAK SUDESH SAWANT', 'TE2', NULL),
(2314081, 'ROHIT RAJENDRA KARBOTKAR', 'TE2', NULL),
(2314082, 'ROSANNE LYSANDRA REBELO', 'TE2', NULL),
(2314083, 'SAGARIKA SANDEEP TALEKAR', 'TE2', NULL),
(2314084, 'SAIRAJ SANTOSH CHARI', 'TE2', NULL),
(2314086, 'SANDEEP PANDURANG SAWANT', 'TE2', NULL),
(2314087, 'SANIA TRISHA CARDOZO', 'TE2', NULL),
(2314088, 'SHANNON CLIVE DIAS', 'TE2', NULL),
(2314089, 'SHIVASHARANAPPA BIRADAR', 'TE2', NULL),
(2314090, 'SHIVESH DINESH NAIK', 'TE2', NULL),
(2314091, 'SHREYASH MAHESH MANGESHKAR', 'TE2', NULL),
(2314092, 'SHRINIVAS GURURAJ INAMDAR', 'TE2', NULL),
(2314093, 'SHUBHAM SHIRISH GAONKAR', 'TE2', NULL),
(2314094, 'SIENNA PEREIRA', 'TE2', NULL),
(2314095, 'SOMURAJ GANGESH DESSAI', 'TE2', NULL),
(2314096, 'SREEHARI S PILLAI', 'TE2', NULL),
(2314097, 'SUZETTE YOLANDA RODRIGUES', 'TE2', NULL),
(2314098, 'SWAYAM VINOD VIRDIKER', 'TE2', NULL),
(2314099, 'SYDNEY SAVIO DOURADO', 'TE2', NULL),
(2314100, 'TEESHA PINGE', 'TE2', NULL),
(2314102, 'THUSHAR JITHENDRAN', 'TE2', NULL),
(2314103, 'VAISHNAVI VINOD PARODKAR', 'TE2', NULL),
(2314104, 'VALRICH CRISSEL COUTINHO', 'TE2', NULL),
(2314105, 'VASSANT ALIAS YASH SAMIR HEGDE', 'TE2', NULL),
(2314106, 'VIANKA SOUZA', 'TE2', NULL),
(2314109, 'YASH JONES GOMES', 'TE2', NULL),
(2314110, 'YESHWANT ALIAS SUVESH SURENDRA BHAT', 'TE2', NULL),
(2314112, 'YUVIKA SHASHANK GAUNS DESSAI', 'TE2', NULL),
(2414001, 'AARON JESUS COSTA', 'SE1', NULL),
(2414002, 'ADARSH MAURYA', 'SE1', NULL),
(2414003, 'ADITYA SAWANT', 'SE1', NULL),
(2414004, 'ALISTER TREVOR PEREIRA', 'SE1', NULL),
(2414005, 'ANAGHA SANJAY SAWAIKER', 'SE1', NULL),
(2414006, 'ANGELICA HEATHER PEREIRA', 'SE1', NULL),
(2414007, 'ARON GOMES', 'SE1', NULL),
(2414008, 'ARYA BHASKAR DUTTA', 'SE1', NULL),
(2414009, 'ARYAN PRABHAKER ADELKER', 'SE1', NULL),
(2414010, 'AVIEO FERNANDES', 'SE1', NULL),
(2414011, 'BASIL SHAIKH MOHAMAD', 'SE1', NULL),
(2414012, 'BHUMIKA KHANDELWAL', 'SE1', NULL),
(2414013, 'BRYDON VAS', 'SE1', NULL),
(2414014, 'BUDHO VIJAYKANT GAUNKAR', 'SE1', NULL),
(2414015, 'CARL MARIUS FERNANDES', 'SE1', NULL),
(2414016, 'CHELSEA LIZANNE VAZ', 'SE1', NULL),
(2414017, 'CHHAVI DUBEY', 'SE1', NULL),
(2414018, 'CIEL ETHAN PEREIRA', 'SE1', NULL),
(2414019, 'CLESTON RODRIGUES', 'SE1', NULL),
(2414020, 'CLINT GAVIN RODRIGUES', 'SE1', NULL),
(2414021, 'DATTAPRASAD NARENDRA PRABHU', 'SE1', NULL),
(2414022, 'DEBBIE FATIMA MASCARENHAS', 'SE1', NULL),
(2414023, 'DEVANSHI AMIT RAMI', 'SE1', NULL),
(2414024, 'DILKUSH DINKAR TALEKAR', 'SE1', NULL),
(2414025, 'ELITA FERNANDES', 'SE1', NULL),
(2414026, 'FRANZIL MAXSON ANDRADE', 'SE1', NULL),
(2414027, 'GARRISON JAYLEN PIRES', 'SE1', NULL),
(2414028, 'JEOLITA AYONA PARPATEKAR', 'SE1', NULL),
(2414029, 'JOHAN ALMEIDA', 'SE1', NULL),
(2414030, 'KAREN KEERANCHIRA', 'SE1', NULL),
(2414031, 'KASHINATH SHANKAR CHAVAN', 'SE1', NULL),
(2414032, 'KAUSHIK SHUBASH NAIK', 'SE1', NULL),
(2414033, 'KEERTHI SANJANA DURJATI', 'SE1', NULL),
(2414034, 'KEEVON ORLANDO COTA', 'SE1', NULL),
(2414035, 'KRIS JOHN RODRIGUES', 'SE1', NULL),
(2414036, 'KRISHA PRAVIN SHET', 'SE1', NULL),
(2414037, 'MAADHAVI SHANKAR ADPAIKAR', 'SE1', NULL),
(2414038, 'MEGHA PRADEEP GOBRE', 'SE1', NULL),
(2414039, 'MELBURN FABIAN GRACIAS', 'SE1', NULL),
(2414040, 'MELCHIOR AARON CARDOZO', 'SE1', NULL),
(2414041, 'MERISSA MEGHNA VALES', 'SE1', NULL),
(2414042, 'MILFORD GOMES', 'SE1', NULL),
(2414043, 'MOHAMMED MUBEEN KAMALSHA', 'SE1', NULL),
(2414044, 'MUSKAN M. DIDAGUR', 'SE1', NULL),
(2414045, 'NEIL FRANCISCO D\'SA', 'SE1', NULL),
(2414046, 'NIRAT PRALHAD NAYAK', 'SE1', NULL),
(2414047, 'PARIMA SUSHANT PRABHU TENDULKAR', 'SE1', NULL),
(2424001, 'CLASTON D\'COSTA', 'TE1', NULL),
(2424002, 'MITALI MOHAN NAIK', 'TE1', NULL),
(2424003, 'PRIYANSHU MANOHAR VASWADE', 'TE1', NULL),
(2424004, 'RAYDEN ELRON SILVEIRA', 'TE1', NULL),
(2424005, 'SAILESH S', 'TE1', NULL),
(2424021, 'SHARV R F DESSAI', 'TE2', NULL),
(2424022, 'SWAPNIL GURUNATH NAIK', 'TE2', NULL),
(2424023, 'TEJASVINI LAXMAN HAVERI', 'TE2', NULL),
(2524001, 'LANCELEN SAMUEL MASCARENHAS', 'SE1', NULL),
(2524002, 'MUFEED SHAH', 'SE1', NULL),
(2524003, 'NARENDRA SHREEPAD SALUNKE', 'SE1', NULL),
(2524004, 'RAJ SUDIL KARWARKAR', 'SE1', NULL),
(2524005, 'REECARD RODRIGUES', 'SE1', NULL),
(2524006, 'RODEN MORRISON PEREIRA', 'SE1', NULL),
(2524021, 'SAGAR TIKADAR', 'SE2', NULL),
(2524022, 'SELWIN ASHLEY OLIVEIRA', 'SE2', NULL),
(2524023, 'SHRESHT SUDESH PAI VAIDYA', 'SE2', NULL),
(2524024, 'TANISHQ SANJAY KAVLEKAR', 'SE2', NULL),
(2524025, 'TASNEEM SHAIKH LAXMESHWAR', 'SE2', NULL),
(2524048, 'PAVITRA PANDURANG NAYAK', 'SE2', NULL),
(2524049, 'PEREIRA LISMA CHANCHU', 'SE2', NULL),
(2524050, 'PETRINO PEREIRA', 'SE2', NULL),
(2524051, 'PRUTHA TANAY DELEKAR', 'SE2', NULL),
(2524052, 'PUSHKAR SANTOSH PATIL', 'SE2', NULL),
(2524053, 'RAJAS RAMKRISHNA SAWANT', 'SE2', NULL),
(2524054, 'RAVIRAJ RAVALNATH VARPE', 'SE2', NULL),
(2524055, 'REUEL LEO JESUS LUIS', 'SE2', NULL),
(2524056, 'RISVON FERNANDES', 'SE2', NULL),
(2524057, 'ROOPA SANTOSH GAWADE', 'SE2', NULL),
(2524058, 'RUDRA NARASINH PAI', 'SE2', NULL),
(2524059, 'RUSHANK RAJENDRA NATEKAR', 'SE2', NULL),
(2524060, 'RUWAN BENON NORONHA', 'SE2', NULL),
(2524061, 'SAAKSHI VASSUDEV PARAB', 'SE2', NULL),
(2524062, 'SAMARTH PRASHANT NAIK', 'SE2', NULL),
(2524063, 'SANIKA TULSHIDAS DESAI', 'SE2', NULL),
(2524064, 'SANSKRUTI YOGESH VERULKAR', 'SE2', NULL),
(2524065, 'SANVI GAJANAN NAIK', 'SE2', NULL),
(2524066, 'SHANAIA JOAN MARTIS', 'SE2', NULL),
(2524067, 'SHASWAT SINGH', 'SE2', NULL),
(2524068, 'SHAUN AGNEL FERNANDES', 'SE2', NULL),
(2524069, 'SHENNOY FERNANDES', 'SE2', NULL),
(2524070, 'SHREESHANT UMESH UPADHYE', 'SE2', NULL),
(2524071, 'SHREEYA SUBHASH PADWALKAR', 'SE2', NULL),
(2524072, 'SHREYANCK SANJAY DHUMASKAR', 'SE2', NULL),
(2524073, 'SHURUTI UDAY DESAI', 'SE2', NULL),
(2524074, 'SIDDHI SANTOSH MAPSEKAR', 'SE2', NULL),
(2524075, 'SIDHIKSHA RANJANKUMAR ACHARYA', 'SE2', NULL),
(2524076, 'SNEHA AJAY NAZARE', 'SE2', NULL),
(2524077, 'SOHAM ALIAS GIRVAN AMBUDKAR', 'SE2', NULL),
(2524078, 'STEFFI SIMRAN VAZ', 'SE2', NULL),
(2524079, 'SUBHAN KHAN', 'SE2', NULL),
(2524080, 'SUJAY LAXMAN NAGEKAR', 'SE2', NULL),
(2524081, 'SUJAY SUNIL HALDANKAR', 'SE2', NULL),
(2524082, 'SUNNY LEGHA', 'SE2', NULL),
(2524083, 'TEJAS GOPALKRISHNA BHOSLE', 'SE2', NULL),
(2524084, 'VANESSA FERNANDES', 'SE2', NULL),
(2524085, 'VARDHAN ANANT GAONKAR', 'SE2', NULL),
(2524086, 'VEDANG SHODHAN TURI GOVENKER', 'SE2', NULL),
(2524087, 'VEDHANT AJEET SAWANT', 'SE2', NULL),
(2524088, 'VIENOY LUCIO MELO', 'SE2', NULL),
(2524089, 'VIVAAN PARAG RAIKAR', 'SE2', NULL),
(2524090, 'VRISH RAJESH NAIK DESAI', 'SE2', NULL),
(2524091, 'YASHRAJ LAXMAN RAUT', 'SE2', NULL),
(2524092, 'YESHWANTH MOHAN NAIK', 'SE2', NULL),
(2524093, 'YOGIRAJ JAYANT SAWANT', 'SE2', NULL);

-- --------------------------------------------------------

--
-- Table structure for table `student_marks`
--

CREATE TABLE `student_marks` (
  `id` int(11) NOT NULL,
  `roll_no` int(11) DEFAULT NULL,
  `subject_name` varchar(50) DEFAULT NULL,
  `marks` int(11) DEFAULT NULL
) ENGINE=InnoDB DEFAULT CHARSET=utf8mb4 COLLATE=utf8mb4_general_ci;

--
-- Indexes for dumped tables
--

--
-- Indexes for table `marks`
--
ALTER TABLE `marks`
  ADD PRIMARY KEY (`id`),
  ADD KEY `roll_no` (`roll_no`);

--
-- Indexes for table `students`
--
ALTER TABLE `students`
  ADD PRIMARY KEY (`roll_no`);

--
-- Indexes for table `student_marks`
--
ALTER TABLE `student_marks`
  ADD PRIMARY KEY (`id`),
  ADD KEY `roll_no` (`roll_no`);

--
-- AUTO_INCREMENT for dumped tables
--

--
-- AUTO_INCREMENT for table `marks`
--
ALTER TABLE `marks`
  MODIFY `id` int(11) NOT NULL AUTO_INCREMENT, AUTO_INCREMENT=59;

--
-- AUTO_INCREMENT for table `student_marks`
--
ALTER TABLE `student_marks`
  MODIFY `id` int(11) NOT NULL AUTO_INCREMENT;

--
-- Constraints for dumped tables
--

--
-- Constraints for table `marks`
--
ALTER TABLE `marks`
  ADD CONSTRAINT `marks_ibfk_1` FOREIGN KEY (`roll_no`) REFERENCES `students` (`roll_no`);

--
-- Constraints for table `student_marks`
--
ALTER TABLE `student_marks`
  ADD CONSTRAINT `student_marks_ibfk_1` FOREIGN KEY (`roll_no`) REFERENCES `students` (`roll_no`);
COMMIT;

/*!40101 SET CHARACTER_SET_CLIENT=@OLD_CHARACTER_SET_CLIENT */;
/*!40101 SET CHARACTER_SET_RESULTS=@OLD_CHARACTER_SET_RESULTS */;
/*!40101 SET COLLATION_CONNECTION=@OLD_COLLATION_CONNECTION */;
